[{"model": "catalog.item", "pk": 4, "fields": {"name": "fsfsdfdfs", "is_published": true, "text": "превосходно", "is_on_main": false, "category": 2, "created_at": "2023-11-01T10:54:35.747Z", "updated_at": "2023-11-01T10:55:14.860Z", "tags": [2]}}, {"model": "catalog.item", "pk": 5, "fields": {"name": "ddfsfdsdfsfsd", "is_published": false, "text": "превосходно лоллол", "is_on_main": false, "category": 1, "created_at": "2023-11-01T10:54:35.747Z", "updated_at": "2023-11-01T10:55:14.860Z", "tags": [1]}}, {"model": "catalog.item", "pk": 6, "fields": {"name": "new item", "is_published": true, "text": "<p>fdssfddf <strong>превосходно</strong>fdssfddf <strong>превосходно</strong>fdssfddf <strong>превосходно</strong>fdssfddf <strong>превосходно</strong>fdssfddf <strong>превосходно</strong>fdssfddf <strong>превосходно</strong>fdssfddf <strong>превосходно</strong>fdssfddf <strong>превосходно</strong>fdssfddf <strong>превосходно</strong>fdssfddf <strong>превосходно</strong>fdssfddf <strong>превосходно</strong>fdssfddf <strong>превосходно</strong>fdssfddf <strong>превосходно</strong>fdssfddf <strong>превосходно</strong>fdssfddf <strong>превосходно</strong>fdssfddf <strong>превосходно</strong>fdssfddf <strong>превосходно</strong>fdssfddf <strong>превосходно</strong>fdssfddf <strong>превосходно</strong>fdssfddf <strong>превосходно</strong>fdssfddf <strong>превосходно</strong>fdssfddf <strong>превосходно</strong>fdssfddf <strong>превосходно</strong>fdssfddf <strong>превосходно</strong>fdssfddf <strong>превосходно</strong>fdssfddf <strong>превосходно</strong>fdssfddf <strong>превосходно</strong>fdssfddf <strong>превосходно</strong>fdssfddf <strong>превосходно</strong>fdssfddf <strong>превосходно</strong>fdssfddf <strong>превосходно</strong>fdssfddf <strong>превосходно</strong>fdssfddf <strong>превосходно</strong>fdssfddf <strong>превосходно</strong>fdssfddf <strong>превосходно</strong>fdssfddf <strong>превосходно</strong>fdssfddf <strong>превосходно</strong>fdssfddf <strong>превосходно</strong>fdssfddf <strong>превосходно</strong>fdssfddf <strong>превосходно</strong>fdssfddf <strong>превосходно</strong>fdssfddf <strong>превосходно</strong>fdssfddf <strong>превосходно</strong>fdssfddf <strong>превосходно</strong>fdssfddf <strong>превосходно</strong>fdssfddf <strong>превосходно</strong>fdssfddf <strong>превосходно</strong>fdssfddf <strong>превосходно</strong>fdssfddf <strong>превосходно</strong>fdssfddf <strong>превосходно</strong>fdssfddf <strong>превосходно</strong>fdssfddf <strong>превосходно</strong></p>", "is_on_main": true, "category": 3, "created_at": "2023-11-01T10:54:35.747Z", "updated_at": "2023-11-01T10:55:14.860Z", "tags": [5]}}, {"model": "catalog.item", "pk": 7, "fields": {"name": "fdkjflsfddfs", "is_published": true, "text": "<p><strong>превосходно!</strong></p>", "is_on_main": true, "category": 3, "created_at": "2023-11-01T10:54:35.747Z", "updated_at": "2023-11-01T10:55:14.860Z", "tags": [2, 3, 5]}}, {"model": "catalog.item", "pk": 8, "fields": {"name": "аыавваваывыаыва", "is_published": false, "text": "<p>роскошно товар!</p>", "is_on_main": true, "category": 4, "created_at": "2023-11-01T10:54:35.747Z", "updated_at": "2023-11-01T10:55:14.877Z", "tags": [2]}}, {"model": "catalog.item", "pk": 9, "fields": {"name": "айтем", "is_published": true, "text": "<p>роскошно&nbsp;роскошно</p>", "is_on_main": true, "category": 3, "created_at": "2023-11-01T10:54:35.747Z", "updated_at": "2023-11-01T10:55:14.860Z", "tags": [4, 1, 2, 3]}}, {"model": "catalog.item", "pk": 10, "fields": {"name": "qweqwe", "is_published": true, "text": "<p>роскошно новый товар</p>", "is_on_main": true, "category": 3, "created_at": "2023-11-01T11:28:58.583Z", "updated_at": "2023-11-01T11:29:32.776Z", "tags": [1, 2, 3]}}, {"model": "catalog.item", "pk": 11, "fields": {"name": "6 паблик", "is_published": true, "text": "<p><u><em><strong>превосходно&nbsp;</strong></em></u></p>", "is_on_main": false, "category": 2, "created_at": "2023-11-01T11:42:40.254Z", "updated_at": "2023-11-01T11:42:50.775Z", "tags": [1, 3]}}, {"model": "catalog.item", "pk": 12, "fields": {"name": "неподтвержденный", "is_published": true, "text": "<p style=\"text-align:center\"><u><strong>роскошно</strong></u></p>", "is_on_main": false, "category": 2, "created_at": "2023-11-01T18:13:18.113Z", "updated_at": "2023-11-01T18:13:18.113Z", "tags": [1, 2, 3]}}, {"model": "catalog.item", "pk": 13, "fields": {"name": "funy kat", "is_published": true, "text": "<p><em>FUNNY роскошно CAT!</em></p>", "is_on_main": true, "category": 2, "created_at": "2023-11-01T20:24:58.102Z", "updated_at": "2023-11-01T20:24:58.102Z", "tags": [1, 5]}}, {"model": "catalog.tag", "pk": 1, "fields": {"name": "weqweqweq", "is_published": true, "slug": "weweqqwe", "normalized_name": "weqweqweq"}}, {"model": "catalog.tag", "pk": 2, "fields": {"name": "wqeqewqweqwe", "is_published": true, "slug": "weqqwe", "normalized_name": "wqeqewqweqwe"}}, {"model": "catalog.tag", "pk": 3, "fields": {"name": "новый тег", "is_published": true, "slug": "new-tag", "normalized_name": "hobыйteг"}}, {"model": "catalog.tag", "pk": 4, "fields": {"name": "tag-1", "is_published": true, "slug": "tag-1", "normalized_name": "tag1"}}, {"model": "catalog.tag", "pk": 5, "fields": {"name": "тег 2", "is_published": true, "slug": "tag-2", "normalized_name": "teг2"}}, {"model": "catalog.category", "pk": 1, "fields": {"name": "ewewqeqwe", "is_published": true, "slug": "qweqwe", "normalized_name": "ewewqeqwe", "weight": 100}}, {"model": "catalog.category", "pk": 2, "fields": {"name": "weqqwe", "is_published": true, "slug": "ewqwe", "normalized_name": "weqqwe", "weight": 119}}, {"model": "catalog.category", "pk": 3, "fields": {"name": "категория 1", "is_published": true, "slug": "cat-1", "normalized_name": "kateгopия1", "weight": 100}}, {"model": "catalog.category", "pk": 4, "fields": {"name": "category-22", "is_published": true, "slug": "cat-3", "normalized_name": "category22", "weight": 100}}, {"model": "catalog.category", "pk": 5, "fields": {"name": "non public cat", "is_published": false, "slug": "non-pub", "normalized_name": "nonpubliccat", "weight": 100}}, {"model": "catalog.category", "pk": 6, "fields": {"name": "non-pubbb", "is_published": true, "slug": "eqwe", "normalized_name": "nonpubbb", "weight": 100}}, {"model": "catalog.mainimage", "pk": 1, "fields": {"image": "catalog/2023/10/24/кот.jpg", "item": 4}}, {"model": "catalog.mainimage", "pk": 3, "fields": {"image": "catalog/2023/10/24/trash-bin_83mDrvG.png", "item": 5}}, {"model": "catalog.mainimage", "pk": 4, "fields": {"image": "catalog/2023/10/24/m00n.jpg", "item": 6}}, {"model": "catalog.mainimage", "pk": 5, "fields": {"image": "catalog/2023/10/29/wall.jpg", "item": 7}}, {"model": "catalog.mainimage", "pk": 6, "fields": {"image": "catalog/2023/10/29/hero.jpg", "item": 8}}, {"model": "catalog.mainimage", "pk": 7, "fields": {"image": "catalog/2023/10/29/letter-m.png", "item": 9}}, {"model": "catalog.mainimage", "pk": 8, "fields": {"image": "catalog/2023/11/01/volonter17.jpg", "item": 10}}, {"model": "catalog.mainimage", "pk": 9, "fields": {"image": "catalog/2023/11/01/krimskiy_most_005.jpg", "item": 11}}, {"model": "catalog.mainimage", "pk": 10, "fields": {"image": "catalog/2023/11/01/5656d35727009cabea6ce79973a9702c.jpeg", "item": 12}}, {"model": "catalog.mainimage", "pk": 11, "fields": {"image": "catalog/2023/11/01/сфееее.jpg", "item": 13}}, {"model": "catalog.gallery", "pk": 1, "fields": {"image": "catalog/2023/10/23/hero.jpg", "item": 4}}, {"model": "catalog.gallery", "pk": 5, "fields": {"image": "catalog/2023/10/24/Flag_of_Russia.png", "item": 6}}, {"model": "catalog.gallery", "pk": 6, "fields": {"image": "catalog/2023/10/24/wall.jpg", "item": 6}}, {"model": "catalog.gallery", "pk": 7, "fields": {"image": "catalog/2023/10/30/3d62c126e1be1359828d58158e54da2e.jpg", "item": 7}}, {"model": "catalog.gallery", "pk": 8, "fields": {"image": "catalog/2023/10/30/Pejzazh-2.jpg", "item": 7}}, {"model": "catalog.gallery", "pk": 9, "fields": {"image": "catalog/2023/10/30/1666206281_64-mykaleidoscope-ru-p-kartinka-na-zastavku-oboi-65.jpg", "item": 6}}, {"model": "catalog.gallery", "pk": 10, "fields": {"image": "catalog/2023/11/01/krasivye-kartinki-vysokogo-razresheniya-3.jpg", "item": 11}}, {"model": "catalog.gallery", "pk": 11, "fields": {"image": "catalog/2023/11/01/кот.jpg", "item": 11}}, {"model": "catalog.gallery", "pk": 12, "fields": {"image": "catalog/2023/11/01/Pejzazh-2.jpg", "item": 12}}]